County,POP2010,LILATracts_1And10,TractWhite,TractBlack,TractAsian,TractNHOPI,TractAIAN,TractOMultir,TractHispanic
Allegany,3718,1,3628,35,5,0,11,39,31
Allegany,4564,0,3635,856,20,1,2,50,364
Allegany,2780,0,2644,79,2,1,3,51,27
Allegany,3022,1,2777,149,16,4,7,69,16
Allegany,2734,1,2287,334,27,1,6,79,42
Allegany,2965,0,2666,181,18,2,12,86,29
Allegany,3387,0,3103,163,14,0,6,101,28
Allegany,2213,0,2029,105,7,0,5,67,16
Allegany,2547,0,2254,162,10,6,7,108,45
Allegany,1493,0,1378,70,11,0,0,34,16
Allegany,3164,1,2833,136,99,3,2,91,59
Allegany,5268,1,2756,2448,8,2,3,51,34
Allegany,4110,0,3948,34,70,0,4,54,37
Allegany,1589,1,1520,28,16,0,2,23,3
Allegany,2055,0,2008,13,5,0,4,25,17
Allegany,1968,0,1922,10,1,0,2,33,16
Allegany,1766,0,1697,23,20,0,3,23,33
Allegany,4818,1,4556,133,58,4,2,65,57
Allegany,5411,1,4159,993,96,5,13,145,128
Allegany,2623,0,2590,1,9,0,0,23,11
Allegany,5552,0,5370,40,43,0,12,87,43
Allegany,3466,1,3409,16,6,1,1,33,13
Allegany,3874,0,3812,19,7,1,0,35,20
Anne Arundel,4151,0,3864,95,95,1,16,80,102
Anne Arundel,7508,0,6602,185,132,1,27,561,676
Anne Arundel,8298,0,7790,144,83,1,34,246,266
Anne Arundel,7906,0,6952,633,86,8,24,203,229
Anne Arundel,3575,0,2947,487,35,0,8,98,103
Anne Arundel,6722,0,6191,251,63,9,15,193,159
Anne Arundel,4169,0,3721,163,147,1,9,128,149
Anne Arundel,5322,0,4449,503,199,1,7,163,152
Anne Arundel,6372,0,5059,785,228,7,12,281,309
Anne Arundel,6962,0,4774,1055,564,15,8,546,523
Anne Arundel,4523,0,3828,303,206,6,9,171,165
Anne Arundel,5423,0,5042,146,106,1,17,111,146
Anne Arundel,6049,0,5363,312,185,3,17,169,212
Anne Arundel,6669,0,2437,2974,146,2,14,1096,1415
Anne Arundel,5629,0,4611,675,105,2,20,216,244
Anne Arundel,6021,0,5002,685,111,3,18,202,172
Anne Arundel,4815,0,3864,638,149,0,12,152,239
Anne Arundel,3857,0,3618,61,106,0,5,67,98
Anne Arundel,3686,0,2747,768,37,1,1,132,201
Anne Arundel,4663,0,3189,1136,70,0,6,262,457
Anne Arundel,3224,0,2871,167,66,1,9,110,173
Anne Arundel,6442,1,3476,1244,183,3,25,1511,2552
Anne Arundel,3210,0,1736,1105,60,0,14,295,402
Anne Arundel,5222,0,3128,1281,126,2,17,668,831
Anne Arundel,4591,0,3383,803,76,2,1,326,388
Anne Arundel,4890,0,4013,265,190,13,25,384,552
Anne Arundel,6082,0,5226,633,51,0,20,152,156
Anne Arundel,4696,0,4248,288,34,4,19,103,141
Anne Arundel,3873,0,3526,212,33,0,16,86,105
Anne Arundel,5485,0,4354,827,34,1,37,232,161
Anne Arundel,7451,0,6440,529,181,17,27,257,287
Anne Arundel,5303,1,3105,1245,268,7,20,658,789
Anne Arundel,5723,0,3193,1926,248,12,13,331,351
Anne Arundel,3113,0,2575,270,73,2,13,180,201
Anne Arundel,4745,0,3484,679,238,8,12,324,349
Anne Arundel,6136,0,4319,1052,197,7,30,531,720
Anne Arundel,6327,0,4011,1529,415,3,26,343,296
Anne Arundel,7630,0,4966,1896,293,8,21,446,484
Anne Arundel,4599,0,2187,1590,317,9,19,477,515
Anne Arundel,3888,0,1669,1695,156,8,12,348,361
Anne Arundel,6846,0,6347,101,263,6,13,116,127
Anne Arundel,3107,0,2670,192,109,1,14,121,88
Anne Arundel,6748,0,5909,398,255,5,12,169,176
Anne Arundel,6978,0,6447,243,139,1,9,139,173
Anne Arundel,2456,0,2337,44,34,1,2,38,64
Anne Arundel,2608,0,2055,397,54,2,11,89,114
Anne Arundel,4075,0,3656,186,91,0,1,141,200
Anne Arundel,3234,0,2757,332,46,6,5,88,225
Anne Arundel,4387,0,4010,150,73,0,12,142,185
Anne Arundel,4258,0,3831,226,63,3,12,123,203
Anne Arundel,7750,0,7114,243,161,1,16,215,256
Anne Arundel,5422,0,4555,493,138,1,14,221,262
Anne Arundel,4097,0,3510,253,139,1,12,182,189
Anne Arundel,3572,0,3152,179,89,2,10,140,152
Anne Arundel,6354,0,5879,153,174,2,5,141,147
Anne Arundel,7686,0,7219,208,76,2,20,161,155
Anne Arundel,7295,0,6455,553,123,2,14,148,168
Anne Arundel,6115,0,5364,411,143,1,16,180,227
Anne Arundel,6827,0,6579,70,57,12,16,93,88
Anne Arundel,6293,0,5998,97,49,1,33,115,120
Anne Arundel,6586,0,5703,471,141,9,21,241,218
Anne Arundel,3688,0,3539,48,25,0,8,68,71
Anne Arundel,5524,0,4961,287,71,2,8,195,138
Anne Arundel,5247,0,4682,281,78,0,18,188,199
Anne Arundel,8070,0,6798,570,248,2,35,417,448
Anne Arundel,6497,0,3904,1269,958,8,26,332,387
Anne Arundel,8479,0,4556,2479,800,12,25,607,650
Anne Arundel,7984,0,2879,3917,557,3,25,603,614
Anne Arundel,3533,1,566,2521,158,11,15,262,254
Anne Arundel,7238,0,4260,1948,401,46,8,575,601
Anne Arundel,5402,0,4201,651,276,22,19,233,224
Anne Arundel,4211,0,3112,602,241,0,10,246,270
Anne Arundel,3950,0,2816,697,234,7,16,180,224
Anne Arundel,10161,0,2990,5635,593,21,27,895,844
Anne Arundel,4716,0,1201,3475,11,0,2,27,71
Anne Arundel,9284,0,2826,4897,1039,6,14,502,554
Anne Arundel,3661,1,2185,939,100,14,33,390,481
Anne Arundel,3959,1,2411,985,119,11,16,417,493
Anne Arundel,1730,1,1204,303,48,6,12,157,205
Anne Arundel,5893,0,4430,895,286,2,24,256,270
Anne Arundel,9644,0,7330,1331,559,10,37,377,420
Anne Arundel,4396,0,3789,331,121,6,20,129,183
Anne Arundel,6950,0,4864,1220,339,7,26,494,447
Anne Arundel,2366,0,1968,191,129,0,10,68,71
Anne Arundel,4292,0,3005,656,157,5,28,441,367
Anne Arundel,2533,0,1857,466,36,0,14,160,165
Anne Arundel,2741,1,1763,815,82,1,3,77,59
Anne Arundel,3426,0,2893,304,82,0,3,144,175
Anne Arundel,1463,0,1162,171,45,0,8,77,97
Anne Arundel,2655,0,2198,157,162,1,17,120,102
Anne Arundel,4090,0,3677,128,175,10,9,91,85
Anne Arundel,5849,0,5107,332,154,2,17,237,227
Anne Arundel,6884,0,3629,2227,337,6,29,656,727
Anne Arundel,4016,0,3088,464,147,1,19,297,401
Anne Arundel,3066,0,2568,228,75,0,16,179,220
Anne Arundel,3893,0,3229,368,56,2,28,210,274
Anne Arundel,4037,0,2399,1310,137,5,24,162,152
Anne Arundel,5865,0,5026,462,95,11,21,250,252
Anne Arundel,3891,0,3557,137,101,3,6,87,97
Anne Arundel,4169,0,2959,788,189,4,20,209,180
Anne Arundel,6809,0,3446,1875,294,2,26,1166,1597
Anne Arundel,4950,0,4428,307,67,4,14,130,162
Anne Arundel,2782,0,2471,181,59,3,6,62,76
Anne Arundel,18,0,15,1,2,0,0,0,0
Baltimore,4351,0,3426,407,403,3,18,94,76
Baltimore,2525,0,1923,353,116,0,10,123,101
Baltimore,5961,0,5169,311,308,9,30,134,140
Baltimore,2418,0,2283,38,72,0,8,17,36
Baltimore,2871,0,2155,472,126,1,6,111,106
Baltimore,2789,0,1663,768,239,0,5,114,67
Baltimore,1795,0,1113,528,70,4,5,75,59
Baltimore,2712,0,1495,893,110,0,5,209,205
Baltimore,1944,0,1052,642,90,1,10,149,196
Baltimore,2409,0,1912,366,70,1,7,53,67
Baltimore,6487,0,1448,4272,316,0,21,430,456
Baltimore,962,1,157,683,78,0,3,41,40
Baltimore,3270,0,751,2302,35,3,18,161,139
Baltimore,3891,0,856,2763,99,2,8,163,191
Baltimore,2650,0,396,2151,25,1,8,69,71
Baltimore,1495,0,1412,35,25,0,1,22,43
Baltimore,6490,0,5672,298,319,6,10,185,167
Baltimore,5846,0,2134,2369,1027,3,10,303,243
Baltimore,4039,0,1384,1817,490,1,13,334,313
Baltimore,4523,0,635,3225,386,1,14,262,210
Baltimore,5129,0,819,2973,914,0,41,382,462
Baltimore,3441,0,1849,1388,69,2,7,126,85
Baltimore,1697,0,1136,458,42,1,6,54,68
Baltimore,4990,0,372,4316,131,1,14,156,133
Baltimore,6426,0,545,5520,83,3,14,261,257
Baltimore,3593,1,154,3288,13,2,9,127,128
Baltimore,1977,1,371,1534,21,1,5,45,42
Baltimore,3798,0,293,3245,63,1,14,182,128
Baltimore,5925,0,503,5024,135,1,19,243,282
Baltimore,2283,0,136,2070,15,0,9,53,54
Baltimore,5072,1,214,4625,30,0,8,195,172
Baltimore,3433,1,447,2691,62,7,8,218,202
Baltimore,6532,1,474,5559,237,0,11,251,224
Baltimore,1371,0,346,923,47,0,0,55,49
Baltimore,4524,1,581,3727,50,2,7,157,129
Baltimore,4177,0,517,3442,71,0,1,146,81
Baltimore,3239,0,224,2843,48,0,5,119,93
Baltimore,4304,0,537,3469,134,5,18,141,130
Baltimore,8541,0,2166,5276,772,3,28,296,293
Baltimore,2045,0,331,1565,41,0,2,106,95
Baltimore,6017,0,1138,4464,181,1,22,211,141
Baltimore,5966,0,763,4868,128,3,11,193,180
Baltimore,2462,0,752,1602,22,0,4,82,74
Baltimore,3076,0,319,2585,33,2,25,112,105
Baltimore,2076,0,176,1819,10,1,5,65,39
Baltimore,2443,0,1177,980,126,1,8,151,151
Baltimore,3336,0,2109,1016,103,3,1,104,99
Baltimore,4442,0,2157,1933,70,9,4,269,275
Baltimore,4958,0,4158,285,425,0,7,83,143
Baltimore,4682,0,4042,292,256,0,3,89,61
Baltimore,5133,0,3616,621,758,3,5,130,155
Baltimore,6819,0,4814,1527,260,0,12,206,227
Baltimore,5014,0,3379,1305,185,2,8,135,154
Baltimore,1738,0,1524,61,114,2,5,32,43
Baltimore,2863,0,2645,67,100,0,0,51,22
Baltimore,3131,0,2919,101,92,1,0,18,27
Baltimore,4150,0,2405,1305,253,1,8,178,164
Baltimore,5311,0,2588,1932,370,0,16,405,466
Baltimore,5777,0,2505,2238,450,0,29,555,659
Baltimore,7920,0,2595,3869,500,17,25,914,1062
Baltimore,6477,0,5058,885,303,4,11,216,245
Baltimore,4960,0,2249,1956,324,1,16,414,584
Baltimore,4812,0,3484,828,313,6,1,180,183
Baltimore,6676,0,4554,1369,357,8,29,359,539
Baltimore,3743,0,2050,1218,183,4,19,269,357
Baltimore,2682,0,2442,110,51,0,22,57,101
Baltimore,1953,0,1667,200,38,0,1,47,38
Baltimore,4745,0,4322,264,110,1,2,46,90
Baltimore,4446,0,4243,64,41,6,7,85,109
Baltimore,5789,0,5511,119,67,1,9,82,97
Baltimore,3267,0,3050,123,44,0,4,46,50
Baltimore,5497,0,5229,87,74,3,16,88,103
Baltimore,5924,0,5182,176,418,0,7,141,112
Baltimore,1853,0,1693,44,80,0,7,29,45
Baltimore,2947,0,2614,38,263,1,0,31,43
Baltimore,3494,0,3110,105,205,0,1,73,50
Baltimore,4677,0,4204,82,325,1,2,63,83
Baltimore,773,0,669,43,55,0,0,6,26
Baltimore,5586,0,4987,152,328,1,5,113,98
Baltimore,3377,0,1916,518,632,0,11,300,363
Baltimore,3853,0,3093,194,448,0,2,116,164
Baltimore,4706,0,2214,1648,448,0,21,375,425
Baltimore,5966,1,2835,1460,1031,2,37,601,699
Baltimore,3760,0,3341,63,246,4,1,105,107
Baltimore,2094,0,1855,24,134,9,8,64,93
Baltimore,2445,0,2283,47,85,0,3,27,44
Baltimore,5944,0,5310,123,412,4,8,87,131
Baltimore,5458,0,4528,85,743,4,14,84,142
Baltimore,2304,0,1909,129,192,0,4,70,63
Baltimore,2853,0,2509,57,212,0,1,74,64
Baltimore,6029,0,5694,74,144,2,8,107,122
Baltimore,4664,0,4459,32,101,1,7,64,92
Baltimore,2261,0,2192,17,25,0,4,23,28
Baltimore,3043,0,2906,51,38,0,3,45,58
Baltimore,3205,0,3132,10,17,0,5,41,68
Baltimore,3770,0,3531,59,93,1,6,80,57
Baltimore,3310,0,2577,304,334,1,17,77,78
Baltimore,6040,0,4947,513,385,3,10,182,156
Baltimore,5455,0,4036,704,567,0,13,135,151
Baltimore,3600,0,2579,520,354,1,5,141,128
Baltimore,3546,0,2996,154,316,1,8,71,94
Baltimore,7950,0,6261,539,971,0,11,168,180
Baltimore,3784,0,3149,244,279,1,8,103,84
Baltimore,4393,0,3934,165,208,1,4,81,94
Baltimore,11137,0,8472,1559,731,4,27,344,389
Baltimore,3450,0,2511,501,317,1,8,112,121
Baltimore,5282,0,4231,450,439,0,8,154,118
Baltimore,4554,0,3441,500,477,2,6,128,147
Baltimore,3623,0,3406,79,55,0,23,60,65
Baltimore,2444,0,2296,66,17,1,7,57,63
Baltimore,2355,0,1963,223,49,0,16,104,139
Baltimore,2705,0,2304,193,23,0,57,128,96
Baltimore,1333,0,1277,24,11,0,7,14,17
Baltimore,6414,0,4910,945,195,4,55,305,231
Baltimore,2115,0,1935,67,15,0,28,70,57
Baltimore,3575,0,2983,239,70,4,37,242,336
Baltimore,4289,0,3577,327,75,3,39,268,268
Baltimore,2973,0,2410,224,115,1,28,195,236
Baltimore,2071,0,1851,32,41,0,19,128,133
Baltimore,3513,0,3070,175,81,0,16,171,198
Baltimore,3505,0,2828,403,48,1,45,180,173
Baltimore,1851,0,1417,246,15,0,33,140,123
Baltimore,3185,0,2454,480,39,0,37,175,138
Baltimore,2347,0,2029,192,7,0,19,100,103
Baltimore,1839,0,1620,81,24,0,14,100,68
Baltimore,3289,1,700,2355,30,4,23,177,88
Baltimore,4221,1,2047,1437,114,8,19,596,803
Baltimore,2798,0,2428,83,86,0,8,193,205
Baltimore,2852,0,2199,419,108,0,3,123,121
Baltimore,5557,0,3436,1593,67,0,14,447,529
Baltimore,4407,0,3686,431,95,4,11,180,132
Baltimore,2463,0,2260,92,54,1,8,48,62
Baltimore,5009,0,4407,294,153,9,4,142,99
Baltimore,3530,0,3056,159,210,2,16,87,74
Baltimore,5074,0,2574,997,1256,0,9,238,231
Baltimore,4451,0,4041,189,96,0,8,117,118
Baltimore,2486,0,1897,411,89,4,2,83,85
Baltimore,2214,0,1317,613,214,0,8,62,82
Baltimore,5486,0,3912,1336,56,0,10,172,153
Baltimore,3164,0,2806,235,50,0,7,66,63
Baltimore,2273,0,1605,292,323,1,3,49,55
Baltimore,6696,0,2590,2916,541,2,32,615,681
Baltimore,5178,0,3478,947,528,2,13,210,228
Baltimore,2837,0,1406,812,486,0,14,119,125
Baltimore,3435,0,1562,1535,178,3,14,143,214
Baltimore,3721,0,777,2750,26,7,23,138,78
Baltimore,2162,0,1666,351,60,0,15,70,99
Baltimore,4859,0,3125,1234,169,0,21,310,380
Baltimore,4047,0,3503,220,135,0,25,164,172
Baltimore,3443,0,3192,93,42,0,12,104,100
Baltimore,3486,0,3105,153,115,0,18,95,107
Baltimore,2369,0,2123,101,51,1,20,73,73
Baltimore,4135,0,3275,500,89,2,31,238,230
Baltimore,5915,0,2049,3297,81,1,32,455,608
Baltimore,5733,0,1806,3470,80,0,32,345,275
Baltimore,3741,0,2361,1010,88,0,18,264,298
Baltimore,4032,0,3671,249,42,2,10,58,58
Baltimore,1662,0,1611,8,16,1,6,20,25
Baltimore,2130,0,1008,975,31,3,9,104,108
Baltimore,3947,0,3494,243,69,0,13,128,112
Baltimore,3667,0,2753,618,56,1,25,214,272
Baltimore,3847,0,1260,1729,529,2,13,314,332
Baltimore,5489,1,2673,2084,135,3,63,531,610
Baltimore,3910,0,2795,847,26,3,42,197,160
Baltimore,1956,0,1835,42,22,0,5,52,46
Baltimore,2759,0,2350,282,34,0,21,72,94
Baltimore,1862,0,1808,20,5,0,7,22,21
Baltimore,5459,0,4163,1086,48,2,17,143,141
Baltimore,3629,1,3458,103,22,1,2,43,36
Baltimore,4750,1,3783,765,54,0,13,135,157
Baltimore,2445,0,2388,18,7,0,7,25,28
Baltimore,2556,0,2279,226,5,0,13,33,42
Baltimore,3505,1,3301,82,26,0,19,77,43
Baltimore,3084,0,2305,277,68,2,46,386,443
Baltimore,3593,0,3155,270,78,0,16,74,56
Baltimore,3657,0,3338,132,17,0,30,140,127
Baltimore,4162,0,3771,77,215,0,4,95,79
Baltimore,2823,0,2418,75,251,2,3,74,94
Baltimore,6984,0,4931,1361,335,2,12,343,423
Baltimore,3668,0,2949,336,260,0,6,117,110
Baltimore,1864,0,1736,43,60,0,0,25,17
Baltimore,3520,0,3325,44,92,0,2,57,62
Baltimore,2120,0,1954,75,47,0,0,44,74
Baltimore,2570,0,2234,67,192,0,5,72,85
Baltimore,2253,0,2012,52,147,0,1,41,65
Baltimore,5182,0,4016,797,169,3,10,187,175
Baltimore,1927,0,1839,59,9,0,1,19,19
Baltimore,2497,0,2173,99,176,2,7,40,67
Baltimore,3345,0,2941,106,214,1,8,75,114
Baltimore,4165,0,2979,769,263,3,4,147,163
Baltimore,2241,0,2092,40,45,0,1,63,52
Baltimore,3567,0,2546,534,292,4,10,181,202
Baltimore,1792,0,1489,161,64,3,5,70,64
Baltimore,1770,0,1420,218,76,0,4,52,44
Baltimore,3331,0,1667,1227,308,2,5,122,97
Baltimore,5200,0,580,4314,85,0,17,204,192
Baltimore,3110,0,1070,1850,44,2,1,143,173
Baltimore,3790,0,2489,880,205,0,8,208,198
Baltimore,3061,0,2124,716,94,2,3,122,117
Baltimore,4180,0,2726,988,325,1,6,134,152
Baltimore,1831,0,1592,91,67,0,2,79,64
Baltimore,1443,0,1065,230,63,0,4,81,84
Baltimore,3945,0,3036,674,110,5,9,111,122
Baltimore,3493,0,2821,431,119,5,16,101,87
Baltimore,2241,0,1812,303,55,0,8,63,67
Baltimore,4803,0,3729,612,324,1,17,120,132
Baltimore,3955,0,3154,515,85,1,23,177,167
Baltimore,3623,0,604,2718,160,0,6,135,102
Baltimore,6380,0,2357,3186,542,2,17,276,209
Baltimore,3807,0,2003,932,665,2,3,202,145
Baltimore,3506,1,2393,675,303,1,6,128,102
Baltimore,0,0,0,0,0,0,0,0,0
Baltimore,0,0,0,0,0,0,0,0,0
Baltimore,0,0,0,0,0,0,0,0,0
Calvert,3209,0,2749,264,76,3,10,107,85
Calvert,2903,0,2515,218,69,2,12,87,41
Calvert,6083,0,5025,758,110,2,20,168,147
Calvert,3932,0,3255,561,22,2,4,88,88
Calvert,9732,0,8270,909,145,4,47,357,276
Calvert,3558,0,2820,567,23,1,29,118,90
Calvert,5938,0,4930,676,125,0,21,186,148
Calvert,2936,0,2594,239,22,2,6,73,69
Calvert,7052,0,5974,683,151,2,21,221,167
Calvert,2695,0,2200,321,85,3,8,78,50
Calvert,2974,0,1915,909,40,0,4,106,77
Calvert,3489,0,2359,945,31,1,15,138,89
Calvert,6527,0,5406,880,57,1,24,159,156
Calvert,4863,0,4206,463,31,0,16,147,156
Calvert,7693,0,5727,1589,94,6,28,249,210
Calvert,1304,0,1151,106,18,2,3,24,36
Calvert,6615,0,5382,833,88,8,22,282,233
Calvert,7234,1,5753,1009,73,5,39,355,319
Caroline,3348,0,2387,131,11,20,17,782,923
Caroline,5619,0,4903,418,28,27,25,218,269
Caroline,3773,0,2953,631,10,1,16,162,173
Caroline,2110,0,1915,117,18,0,12,48,43
Caroline,4111,0,3571,389,28,1,13,109,102
Caroline,3128,1,2245,736,18,2,15,112,78
Caroline,2097,0,1874,177,5,1,7,33,23
Caroline,4044,0,3336,577,22,1,8,100,59
Caroline,4836,1,3212,1409,48,0,10,157,146
Carroll,4112,0,3756,198,31,1,7,119,124
Carroll,5337,0,5054,122,23,2,4,132,97
Carroll,4148,0,4048,33,9,1,10,47,57
Carroll,5505,0,5310,58,37,3,21,76,67
Carroll,5120,0,4785,164,78,0,9,84,76
Carroll,6198,0,5911,91,86,2,6,102,92
Carroll,6169,0,5874,136,75,0,6,78,60
Carroll,4347,0,3954,253,72,0,8,60,88
Carroll,5156,0,4893,88,81,0,13,81,67
Carroll,3723,0,2915,636,98,0,11,63,107
Carroll,3050,0,2815,87,69,0,1,78,67
Carroll,3481,0,3263,59,78,2,7,72,56
Carroll,3683,0,3326,119,130,0,7,101,118
Carroll,5277,0,4862,175,122,1,11,106,149
Carroll,4679,0,4418,83,68,4,4,102,103
Carroll,3880,0,3674,85,45,2,3,71,93
Carroll,5444,0,5238,91,25,7,1,82,90
Carroll,4297,0,3675,305,139,1,13,164,169
Carroll,5027,0,4463,228,81,2,30,223,371
Carroll,4348,0,3989,178,51,0,3,127,138
Carroll,3925,0,3603,156,54,3,8,101,127
Carroll,2875,0,2732,52,46,1,2,42,37
Carroll,6165,0,5487,316,148,0,7,207,238
Carroll,5652,0,4832,406,111,5,24,274,347
Carroll,4411,0,4148,86,101,1,7,68,101
Carroll,4760,0,4503,104,55,0,9,89,124
Carroll,2955,0,2820,44,19,0,10,62,83
Carroll,7133,0,6802,103,64,2,11,151,145
Carroll,4470,0,4304,70,36,1,10,49,80
Carroll,2908,0,2752,47,22,2,8,77,87
Carroll,1422,0,1344,43,10,0,4,21,24
Carroll,3671,0,3451,116,26,6,2,70,85
Carroll,1551,0,1434,83,0,0,5,29,21
Carroll,4701,0,4366,111,95,1,6,122,183
Carroll,5277,0,4880,140,108,5,5,139,190
Carroll,3651,0,3460,91,30,0,13,57,88
Carroll,5139,0,4876,83,43,1,14,122,121
Carroll,3487,0,3265,92,52,0,8,70,93
Cecil,5149,1,4732,230,15,2,16,154,141
Cecil,5240,0,4944,119,20,6,9,142,215
Cecil,4901,1,3786,759,27,4,17,308,329
Cecil,4209,0,3947,119,11,1,12,119,99
Cecil,5751,1,4741,643,147,1,11,208,285
Cecil,3918,1,3286,378,56,1,7,190,171
Cecil,8223,0,6280,1120,304,11,39,469,535
Cecil,3818,0,3649,52,27,0,10,80,109
Cecil,4792,0,3662,784,66,2,19,259,252
Cecil,5005,0,4828,55,27,3,7,85,69
Cecil,5076,0,4589,302,35,0,10,140,178
Cecil,6814,0,6448,161,72,2,7,124,129
Cecil,2859,0,2730,34,23,0,10,62,77
Cecil,8572,1,7839,398,84,0,27,224,200
Cecil,6334,0,5718,375,40,0,26,175,138
Cecil,5570,0,4645,637,67,10,28,183,193
Cecil,3477,0,3376,25,13,0,6,57,52
Cecil,7236,0,6960,42,37,3,25,169,193
Cecil,4164,0,4029,51,26,2,8,48,42
Charles,5440,0,1686,3271,156,5,30,292,226
Charles,2583,0,1324,1038,68,0,48,105,74
Charles,787,1,401,316,21,3,7,39,76
Charles,4749,1,2408,2007,97,2,50,185,122
Charles,1986,0,1163,705,14,0,22,82,38
Charles,3895,0,2507,1205,17,1,51,114,62
Charles,2793,0,2296,394,9,0,26,68,39
Charles,4743,0,2726,1663,166,3,29,156,117
Charles,4811,0,1578,2661,300,10,20,242,220
Charles,5282,0,1863,2775,334,4,27,279,261
Charles,6676,0,1494,4313,294,3,38,534,466
Charles,4979,0,1927,2498,248,2,16,288,246
Charles,4900,0,1354,2915,246,9,16,360,325
Charles,5739,0,2496,2651,180,4,70,338,220
Charles,6635,0,3117,2827,327,6,25,333,306
Charles,4714,0,2887,1453,91,3,30,250,209
Charles,4118,0,1948,1706,106,3,52,303,276
Charles,5830,0,1957,3273,138,2,31,429,377
Charles,5678,1,2677,2298,156,8,41,498,379
Charles,5367,0,1874,2879,277,10,21,306,275
Charles,4425,0,1847,2168,109,5,24,272,263
Charles,4873,0,1560,2876,84,1,23,329,270
Charles,3279,0,2401,718,65,1,18,76,102
Charles,9244,0,6424,2183,237,10,43,347,291
Charles,2741,0,2191,398,31,0,25,96,67
Charles,4886,0,3984,688,32,0,36,146,95
Charles,4711,0,4122,420,52,0,15,102,89
Charles,4046,0,3065,800,67,3,22,89,92
Charles,8176,0,5547,2180,110,2,55,282,153
Charles,8465,0,2853,4752,334,3,46,477,523
Dorchester,2821,0,2316,404,17,0,2,82,64
Dorchester,5745,0,3590,1838,53,0,19,245,225
Dorchester,4715,0,4143,446,34,0,8,84,113
Dorchester,3305,1,2357,663,53,3,18,211,245
Dorchester,4001,1,1000,2842,7,0,12,140,143
Dorchester,4702,1,2148,2266,97,2,13,176,171
Dorchester,3987,0,3526,307,29,4,22,99,109
Dorchester,1891,1,1730,111,6,0,7,37,46
Dorchester,1451,1,1255,165,5,0,11,15,14
Dorchester,0,0,0,0,0,0,0,0,0
Frederick,4735,1,4178,262,102,1,15,177,205
Frederick,1278,0,1070,131,10,0,10,57,69
Frederick,1640,0,1508,61,24,1,2,44,48
Frederick,1734,0,961,653,15,0,11,94,114
Frederick,6574,0,3078,1568,383,17,43,1485,2010
Frederick,5323,0,2877,1331,378,5,28,704,972
Frederick,6824,0,2726,1622,644,2,72,1758,2131
Frederick,3991,0,2501,575,320,1,14,580,797
Frederick,2677,0,2380,159,52,0,4,82,86
Frederick,5491,0,3551,1162,270,8,12,488,691
Frederick,3262,0,2111,617,183,2,18,331,470
Frederick,2985,0,2368,387,76,0,6,148,176
Frederick,4019,0,3269,444,132,2,21,151,179
Frederick,6122,0,4512,902,304,6,6,392,503
Frederick,954,0,646,130,111,0,5,62,100
Frederick,5329,0,3924,702,303,4,24,372,462
Frederick,5326,0,3386,1087,407,5,14,427,556
Frederick,4102,0,3146,475,220,5,19,237,368
Frederick,4757,0,3536,626,293,10,22,270,354
Frederick,6152,0,4261,920,575,1,25,370,402
Frederick,2028,1,1919,44,27,0,7,31,49
Frederick,3418,0,3149,74,87,1,6,101,171
Frederick,3060,0,2918,53,23,3,10,53,78
Frederick,3027,0,2906,34,13,0,5,69,65
Frederick,2394,0,2259,55,13,0,4,63,77
Frederick,3567,0,3391,60,37,0,9,70,90
Frederick,4201,0,3832,122,102,1,4,140,154
Frederick,3774,0,3638,44,18,0,4,70,82
Frederick,4272,0,3973,96,67,1,4,131,213
Frederick,5795,0,5078,316,211,0,20,170,262
Frederick,6362,0,5981,106,90,1,16,168,201
Frederick,3146,0,2788,146,108,0,8,96,96
Frederick,5139,0,4735,162,79,0,16,147,243
Frederick,3173,0,2950,45,63,4,11,100,116
Frederick,4397,0,4155,53,53,0,7,129,193
Frederick,2121,0,1864,134,52,3,8,60,83
Frederick,3853,0,2418,427,730,2,15,261,422
Frederick,5855,0,4168,443,882,0,9,353,517
Frederick,4168,0,2847,641,309,6,13,352,490
Frederick,3983,0,3563,206,101,0,6,107,188
Frederick,2640,0,2292,171,69,0,12,96,100
Frederick,4929,0,4655,81,52,0,11,130,179
Frederick,2487,0,2347,62,29,3,4,42,56
Frederick,3971,0,3741,56,75,2,11,86,103
Frederick,2561,0,2424,33,51,0,1,52,77
Frederick,3839,0,3525,94,121,3,2,94,144
Frederick,2214,0,2169,15,6,0,7,17,33
Frederick,3550,0,3409,46,38,0,5,52,89
Frederick,3066,0,2965,49,15,0,2,35,55
Frederick,4564,0,4399,45,33,0,9,78,68
Frederick,2744,1,2611,26,19,0,20,68,81
Frederick,3710,0,2686,575,116,1,7,325,386
Frederick,5131,0,4738,186,72,0,21,114,164
Frederick,2849,0,2768,6,32,0,5,38,40
Frederick,3200,0,2998,64,24,0,5,109,123
Frederick,3608,0,3425,21,32,3,8,119,82
Frederick,1598,0,1094,396,22,0,13,73,66
Frederick,4121,0,3339,416,86,1,6,273,301
Frederick,3900,0,3359,301,66,2,11,161,147
Frederick,3892,1,3426,266,40,0,3,157,176
Frederick,3803,0,3415,164,81,0,14,129,182
Garrett,4003,0,3918,21,8,0,12,44,21
Garrett,3937,0,3885,15,6,0,6,25,18
Garrett,2857,0,2751,69,8,0,4,25,49
Garrett,3337,0,3284,40,3,0,1,9,14
Garrett,4051,0,3888,106,15,0,4,38,47
Garrett,6186,1,6081,28,24,0,12,41,43
Garrett,5726,0,5633,22,12,0,4,55,28
Harford,3579,0,3153,200,176,0,7,43,74
Harford,3985,0,3559,206,85,4,9,122,125
Harford,4215,0,3788,180,137,6,6,98,109
Harford,3174,0,2400,477,127,7,7,156,182
Harford,3435,0,2965,307,87,1,1,74,89
Harford,1956,0,1827,69,20,0,11,29,24
Harford,6685,0,5559,500,380,7,22,217,280
Harford,4299,0,3404,499,205,4,13,174,201
Harford,4202,0,3414,528,115,7,10,128,178
Harford,4592,0,3535,760,154,1,19,123,128
Harford,7424,0,2951,3695,119,12,15,632,569
Harford,7512,0,6001,1129,138,6,17,221,279
Harford,2398,0,1911,381,50,0,9,47,51
Harford,6420,1,2878,2902,80,9,18,533,503
Harford,7899,0,4257,2987,179,20,31,425,451
Harford,7884,0,4888,2210,298,4,26,458,465
Harford,4804,0,3163,1243,190,1,14,193,172
Harford,3599,0,2473,851,103,1,17,154,206
Harford,2137,0,2019,39,33,0,9,37,25
Harford,2535,0,2289,156,34,1,8,47,39
Harford,2663,1,1916,588,29,1,14,115,90
Harford,3687,0,2685,654,122,5,11,210,156
Harford,4551,0,2496,1547,170,17,22,299,317
Harford,2628,1,1469,898,20,9,11,221,128
Harford,4549,0,2632,1447,111,21,21,317,227
Harford,5976,0,5480,236,128,0,7,125,158
Harford,2783,0,2590,68,54,6,7,58,61
Harford,5859,0,5532,132,98,0,6,91,131
Harford,3479,0,3259,96,51,0,3,70,105
Harford,4584,0,4264,137,100,1,8,74,59
Harford,1482,0,1420,21,16,0,2,23,22
Harford,3474,0,3317,59,46,0,3,49,81
Harford,6096,0,5844,67,85,0,14,86,83
Harford,4207,0,3931,101,93,0,12,70,74
Harford,6490,0,5830,260,255,2,4,139,140
Harford,3680,0,3447,115,51,0,3,64,67
Harford,3799,0,3546,70,101,3,6,73,74
Harford,6710,0,6061,272,195,1,8,173,200
Harford,5936,0,4928,494,270,1,14,229,244
Harford,3363,0,2938,171,184,0,10,60,86
Harford,3815,0,3538,166,56,1,5,49,58
Harford,2615,0,2384,89,20,0,8,114,159
Harford,2034,0,1662,247,59,0,2,64,52
Harford,4981,0,4539,199,72,5,7,159,203
Harford,2372,0,2141,114,57,3,2,55,60
Harford,4382,0,4251,45,20,0,6,60,50
Harford,3708,0,3616,13,18,0,4,57,38
Harford,6220,0,5945,75,105,0,15,80,112
Harford,6802,0,6414,179,68,0,9,132,72
Harford,7432,0,7141,100,44,0,15,132,115
Harford,2734,0,2599,68,7,0,15,45,34
Harford,2208,0,1984,118,16,1,9,80,46
Harford,4025,0,2741,971,45,2,5,261,225
Harford,2166,0,1800,227,24,3,12,100,92
Harford,2373,0,1781,385,83,2,11,111,79
Harford,6013,0,4734,847,196,9,18,209,243
Harford,2216,0,1474,463,47,15,16,201,322
Howard,5763,0,3974,587,897,1,13,291,275
Howard,5761,0,4200,614,721,0,5,221,158
Howard,3992,0,2779,525,547,2,4,135,146
Howard,4214,0,2629,537,737,2,28,281,315
Howard,3746,0,2396,449,672,1,6,222,181
Howard,7544,0,5246,1158,723,7,26,384,320
Howard,3893,0,1279,1866,552,1,8,187,253
Howard,5229,0,3408,795,629,0,15,382,426
Howard,7852,0,5840,504,1268,0,7,233,216
Howard,3282,0,2304,264,610,0,4,100,89
Howard,5306,0,3905,357,881,1,7,155,145
Howard,6842,0,4204,1136,1163,4,17,318,303
Howard,3736,0,2362,149,1111,0,1,113,79
Howard,4729,0,3382,150,961,1,7,228,135
Howard,3667,0,2914,140,496,1,5,111,111
Howard,5220,0,3635,365,1036,0,10,174,160
Howard,7113,0,2879,936,2716,8,26,548,547
Howard,5014,0,3662,368,822,2,10,150,134
Howard,5813,0,3421,607,1535,6,19,225,160
Howard,4123,0,1795,697,1424,0,24,183,211
Howard,5401,0,3606,313,1346,1,2,133,100
Howard,4186,0,3612,161,274,0,13,126,97
Howard,6199,0,4789,467,761,2,9,171,128
Howard,6275,0,5582,229,232,6,12,214,265
Howard,7624,0,6550,420,441,6,10,197,181
Howard,8211,0,5784,665,1408,1,26,327,254
Howard,5075,0,4059,240,586,2,6,182,160
Howard,4316,0,3360,257,534,0,15,150,117
Howard,5149,0,2713,1470,567,6,28,365,413
Howard,7055,0,3760,2235,577,6,32,445,457
Howard,5182,0,3058,1208,606,0,8,302,249
Howard,6262,0,3088,2149,471,1,21,532,687
Howard,2737,0,1636,169,824,1,3,104,80
Howard,6169,0,3927,352,1699,0,2,189,140
Howard,6075,0,3496,1565,571,9,19,415,378
Howard,7610,0,4729,1644,777,1,14,445,528
Howard,2875,0,1954,587,172,0,4,158,185
Howard,7696,0,3470,2494,511,5,101,1115,1418
Howard,4037,0,2023,1215,449,0,18,332,407
Howard,4744,0,1882,1649,692,4,31,486,514
Howard,4530,0,2599,1223,266,0,28,414,503
Howard,2603,0,2162,206,141,1,13,80,87
Howard,7072,0,3579,2178,659,1,16,639,711
Howard,2011,0,1344,348,167,3,16,133,142
Howard,4798,0,2409,1124,1007,1,9,248,207
Howard,3755,0,1619,1319,537,1,7,272,316
Howard,5523,0,3630,1134,419,3,8,329,265
Howard,3202,0,2132,662,199,1,13,195,165
Howard,4145,0,2908,335,707,0,6,189,151
Howard,6441,0,4138,855,1203,1,8,236,294
Howard,5549,0,2866,1815,326,11,23,508,588
Howard,3977,0,1811,1322,516,5,13,310,355
Howard,6644,0,3535,1697,935,0,33,444,450
Howard,5615,0,2532,1830,639,3,25,586,616
Howard,5503,0,1967,2447,501,4,32,552,757
Kent,3838,0,3233,313,37,2,8,245,305
Kent,4844,0,3875,750,14,0,9,196,260
Kent,5775,0,4356,1104,103,2,15,195,247
Kent,3117,0,2373,652,7,2,8,75,56
Kent,2623,0,2332,237,4,0,2,48,39
Montgomery,4321,0,3407,342,306,1,19,246,305
Montgomery,5864,0,4189,536,811,3,21,304,457
Montgomery,5356,0,3011,1314,487,1,9,534,886
Montgomery,6528,0,3362,1395,1016,4,18,733,1211
Montgomery,2124,0,1885,59,22,1,11,146,208
Montgomery,6312,0,4780,364,776,1,2,389,550
Montgomery,5749,0,4843,319,283,12,19,273,464
Montgomery,5638,0,3829,741,435,6,25,602,887
Montgomery,2218,0,1941,94,51,0,20,112,227
Montgomery,7692,0,3175,1282,2536,4,18,677,950
Montgomery,7157,0,3450,1491,1489,3,26,698,987
Montgomery,5720,0,3510,1024,668,2,12,504,805
Montgomery,5362,0,2494,1480,687,3,27,671,1111
Montgomery,5267,1,2955,1301,538,6,13,454,820
Montgomery,6736,0,3070,977,2182,6,11,490,672
Montgomery,6126,0,3541,1168,1026,7,5,379,617
Montgomery,2256,0,1992,150,24,0,9,81,112
Montgomery,6295,0,5514,394,128,1,27,231,437
Montgomery,6802,0,5451,281,755,0,32,283,350
Montgomery,4327,0,2728,133,1312,3,2,149,188
Montgomery,8001,0,3470,320,3959,0,14,238,312
Montgomery,5968,0,3675,321,1766,0,4,202,186
Montgomery,2021,0,1472,142,276,0,2,129,231
Montgomery,6352,0,2428,773,2750,0,18,383,521
Montgomery,6434,0,3106,830,2080,2,13,403,518
Montgomery,5341,0,2561,1235,839,0,17,689,1207
Montgomery,3032,0,2290,199,385,0,9,149,200
Montgomery,4497,0,2922,332,1041,0,3,199,267
Montgomery,2952,0,1682,214,443,2,28,583,982
Montgomery,3447,0,1282,847,612,2,13,691,958
Montgomery,6888,0,3442,1101,1137,5,24,1179,2068
Montgomery,5912,0,3093,865,1130,3,21,800,1261
Montgomery,5471,0,1966,1380,794,3,32,1296,2175
Montgomery,5969,0,2773,1238,782,2,66,1108,1802
Montgomery,7729,0,3566,1537,1574,9,21,1022,1646
Montgomery,5877,0,2550,1260,599,3,29,1436,2332
Montgomery,4329,0,2566,501,1018,2,12,230,343
Montgomery,7590,0,2787,1615,851,3,61,2273,3852
Montgomery,3499,0,1500,731,602,0,18,648,1048
Montgomery,2621,0,1256,677,308,0,10,370,599
Montgomery,4418,0,1754,1177,772,2,29,684,976
Montgomery,3387,0,2245,614,267,5,19,237,377
Montgomery,3154,0,937,933,397,2,19,866,1305
Montgomery,5142,0,2700,1257,541,2,18,624,1010
Montgomery,4591,0,2085,1360,350,3,15,778,1364
Montgomery,4177,0,2379,739,400,5,16,638,980
Montgomery,5626,0,2843,1275,519,6,44,939,1513
Montgomery,7546,0,3134,2031,1204,0,42,1135,1857
Montgomery,7886,0,3155,1287,2148,1,33,1262,2146
Montgomery,5197,0,2596,687,1476,8,11,419,534
Montgomery,6078,1,2287,1978,910,0,56,847,1445
Montgomery,6651,1,3525,1520,732,6,41,827,1451
Montgomery,2898,0,979,881,389,12,13,624,811
Montgomery,1568,0,686,325,289,1,14,253,477
Montgomery,3464,0,2326,345,517,3,7,266,391
Montgomery,2736,0,2155,142,273,0,6,160,190
Montgomery,5944,0,4713,254,756,0,4,217,291
Montgomery,2468,0,1692,82,588,0,1,105,87
Montgomery,3067,0,1768,200,940,1,5,153,247
Montgomery,2520,0,789,856,547,6,13,309,479
Montgomery,2958,0,1295,734,232,0,33,664,1121
Montgomery,4251,0,1822,891,899,1,25,613,1192
Montgomery,4885,0,1907,1579,634,2,19,744,1124
Montgomery,4616,0,2103,757,1332,2,9,413,589
Montgomery,4058,0,2208,485,1075,1,6,283,419
Montgomery,3759,0,1818,736,521,6,26,652,1189
Montgomery,1920,0,913,412,213,1,17,364,502
Montgomery,2578,0,969,240,1201,5,10,153,262
Montgomery,3922,0,1936,165,1635,0,16,170,252
Montgomery,5421,0,3510,454,1041,1,17,398,590
Montgomery,3675,0,2824,265,453,0,4,129,262
Montgomery,5055,0,3701,588,516,2,7,241,424
Montgomery,3337,0,2351,224,555,1,3,203,245
Montgomery,5549,0,4011,147,1141,1,4,245,376
Montgomery,3158,0,1858,314,832,0,1,153,244
Montgomery,4636,0,2940,300,506,2,40,848,1432
Montgomery,6306,0,3395,561,873,4,40,1433,2043
Montgomery,6012,0,3534,419,1025,5,38,991,1722
Montgomery,2726,0,2403,41,135,0,3,144,226
Montgomery,6370,0,5389,194,566,1,3,217,456
Montgomery,6366,0,4693,210,1195,1,11,256,552
Montgomery,3948,0,3158,128,534,0,4,124,239
Montgomery,6651,0,3631,799,1716,3,26,476,760
Montgomery,2714,0,2011,189,333,2,5,174,260
Montgomery,5458,0,4317,279,629,3,9,221,430
Montgomery,2793,0,2084,209,301,1,7,191,305
Montgomery,4393,0,3192,342,634,0,5,220,366
Montgomery,4157,0,2518,431,1011,0,8,189,346
Montgomery,2737,0,1810,305,436,10,16,160,218
Montgomery,3121,0,1156,453,879,8,20,605,991
Montgomery,3973,0,2242,208,1366,0,1,156,147
Montgomery,4553,0,2449,350,1584,0,11,159,198
Montgomery,3709,0,3051,182,349,0,13,114,200
Montgomery,6038,0,5081,409,275,0,17,256,403
Montgomery,3064,0,2511,179,236,0,2,136,218
Montgomery,3576,0,2416,442,528,0,10,180,211
Montgomery,3023,0,2028,343,544,1,1,106,187
Montgomery,6080,0,4565,638,543,1,19,314,522
Montgomery,3769,0,2587,441,410,4,13,314,513
Montgomery,2854,0,1862,387,351,0,3,251,387
Montgomery,4566,0,3044,704,629,0,5,184,369
Montgomery,6317,0,4523,911,553,3,8,319,397
Montgomery,4458,0,3338,403,504,0,4,209,245
Montgomery,5674,0,2938,1350,881,3,25,477,583
Montgomery,6301,0,3579,1106,999,3,38,576,664
Montgomery,4361,0,2231,871,942,5,10,302,338
Montgomery,7568,0,1783,3802,1428,2,30,523,664
Montgomery,7465,0,2326,3071,1346,1,15,706,895
Montgomery,7499,0,2698,2693,1266,0,17,825,1095
Montgomery,5596,0,1330,3036,751,10,21,448,592
Montgomery,3307,0,843,1562,636,0,14,252,312
Montgomery,6907,0,3628,1818,913,2,26,520,741
Montgomery,1347,0,248,828,98,5,3,165,238
Montgomery,2570,0,199,1979,136,0,18,238,371
Montgomery,4614,0,837,2714,599,4,14,446,664
Montgomery,6949,0,2881,1975,1161,2,28,902,1302
Montgomery,6771,0,2576,2770,595,7,11,812,1167
Montgomery,4986,0,2676,1379,499,5,7,420,543
Montgomery,4949,0,2314,1233,1054,0,17,331,454
Montgomery,3687,0,533,2402,348,8,10,386,506
Montgomery,6269,0,1550,2858,527,2,41,1291,1889
Montgomery,1938,0,399,853,266,1,21,398,587
Montgomery,6162,0,1599,1429,925,8,46,2155,3323
Montgomery,3400,0,2294,733,100,7,15,251,344
Montgomery,2417,0,783,1113,139,2,3,377,456
Montgomery,3154,0,1288,1059,246,1,11,549,713
Montgomery,2810,0,1554,844,82,0,10,320,385
Montgomery,4947,0,2343,2077,143,0,6,378,474
Montgomery,3053,0,1414,680,103,1,31,824,1316
Montgomery,5400,0,1532,1198,408,10,64,2188,3328
Montgomery,5720,0,1436,2097,731,4,26,1426,2197
Montgomery,3197,0,2602,239,129,1,4,222,269
Montgomery,4338,0,2864,470,276,0,43,685,940
Montgomery,3720,0,1264,1195,204,11,51,995,1485
Montgomery,4026,0,2085,1189,132,0,23,597,776
Montgomery,2516,0,1684,481,129,2,8,212,291
Montgomery,4506,0,2013,1745,283,3,9,453,626
Montgomery,4987,0,2001,2107,411,3,17,448,563
Montgomery,3931,0,2010,1271,370,2,9,269,338
Montgomery,4482,0,2190,1540,349,0,19,384,518
Montgomery,6848,0,3438,1729,474,2,25,1180,1677
Montgomery,4620,0,2896,1093,295,1,7,328,432
Montgomery,5192,0,3771,819,301,1,14,286,407
Montgomery,1755,0,1258,195,119,0,3,180,228
Montgomery,4372,0,2629,561,355,4,56,767,1248
Montgomery,7356,0,4569,723,982,6,27,1049,2049
Montgomery,5584,0,4240,440,492,3,13,396,747
Montgomery,3442,0,1647,774,600,0,13,408,637
Montgomery,5646,0,2136,1504,442,7,69,1488,2337
Montgomery,5301,0,3726,787,326,1,14,447,607
Montgomery,5526,0,2600,1303,732,2,36,853,1364
Montgomery,3282,0,1657,644,372,1,20,588,865
Montgomery,7692,0,2949,2316,1258,9,31,1129,1486
Montgomery,5887,0,1741,2312,460,4,31,1339,2188
Montgomery,6713,0,1946,2858,434,4,69,1402,2153
Montgomery,3074,1,1184,992,426,0,9,463,619
Montgomery,3596,0,2131,1043,133,4,6,279,474
Montgomery,1899,0,1688,144,47,0,0,20,42
Montgomery,3257,0,2738,329,153,1,2,34,66
Montgomery,4975,1,2003,1809,547,0,31,585,961
Montgomery,5143,0,2232,1542,822,0,14,533,854
Montgomery,4765,1,2571,387,622,1,49,1135,2252
Montgomery,4273,0,2012,420,614,0,37,1190,2101
Montgomery,5569,0,2323,586,952,11,39,1658,2686
Montgomery,3805,0,1594,484,571,0,22,1134,1771
Montgomery,3683,0,1650,382,379,1,33,1238,1944
Montgomery,3240,0,1210,452,270,0,21,1287,2082
Montgomery,6640,0,2598,1644,787,6,59,1546,2779
Montgomery,2929,0,1906,391,252,1,7,372,524
Montgomery,4640,0,2778,533,548,0,37,744,1209
Montgomery,2919,0,2240,224,182,2,8,263,412
Montgomery,4175,0,1602,509,366,0,40,1658,2430
Montgomery,4040,0,1817,477,562,11,11,1162,1747
Montgomery,2943,0,1216,876,302,1,21,527,848
Montgomery,2957,0,1948,437,313,0,6,253,361
Montgomery,7185,1,3402,1641,788,15,56,1283,1950
Montgomery,6799,0,3481,1259,747,1,60,1251,1841
Montgomery,4661,0,4116,208,144,1,16,176,302
Montgomery,2213,0,1815,136,126,2,3,131,142
Montgomery,3835,0,3447,62,178,0,7,141,234
Montgomery,3086,0,2400,201,292,0,10,183,250
Montgomery,1510,0,1276,58,141,4,2,29,98
Montgomery,5164,0,4153,184,540,10,12,265,421
Montgomery,3592,0,2768,166,469,3,7,179,365
Montgomery,2677,0,2173,77,293,1,2,131,176
Montgomery,3931,0,3373,119,289,2,4,144,232
Montgomery,5079,0,4280,106,476,0,7,210,338
Montgomery,3858,0,3522,62,173,0,5,96,197
Montgomery,3326,0,2489,249,394,1,5,188,348
Montgomery,1508,0,1256,37,143,0,2,70,146
Montgomery,1865,0,1331,122,320,4,4,84,132
Montgomery,2780,0,2134,154,368,1,3,120,199
Montgomery,4465,0,3856,196,216,1,8,188,325
Montgomery,5090,0,4381,290,213,0,12,194,213
Montgomery,3270,0,2923,110,107,5,2,123,129
Montgomery,1895,0,1815,11,31,0,3,35,54
Montgomery,2824,0,2601,28,109,0,3,83,134
Montgomery,2493,0,2108,108,169,3,2,103,198
Montgomery,3993,0,3587,59,227,0,2,118,227
Montgomery,2835,0,2534,63,114,3,6,115,178
Montgomery,3925,0,2988,234,514,3,7,179,334
Montgomery,4614,0,3924,179,345,1,2,163,338
Montgomery,4457,0,4040,43,227,2,5,140,269
Montgomery,6003,0,5295,154,345,2,10,197,296
Montgomery,4226,0,3499,111,450,4,1,161,253
Montgomery,4164,0,3448,154,423,1,4,134,233
Montgomery,4547,0,3586,99,664,3,7,188,282
Montgomery,4579,0,3471,213,744,1,2,148,216
Montgomery,7166,0,5269,237,1402,3,6,249,333
Montgomery,5330,0,4293,114,773,2,5,143,224
Montgomery,5602,0,4499,221,706,4,1,171,290
Montgomery,3026,0,2046,390,451,0,4,135,247
Montgomery,5290,0,3975,168,951,0,2,194,288
Montgomery,3130,0,1962,357,583,1,10,217,417
Montgomery,2714,0,2257,95,293,4,3,62,198
Prince George's,2763,0,1593,772,72,1,4,321,366
Prince George's,2178,0,809,723,267,6,16,357,490
Prince George's,3465,0,1041,1892,228,2,4,298,422
Prince George's,2651,0,716,1571,189,0,9,166,247
Prince George's,3559,0,862,2018,240,2,21,416,576
Prince George's,3818,0,1315,1545,187,7,25,739,1078
Prince George's,4252,0,2982,702,208,1,9,350,457
Prince George's,3989,1,781,2721,185,0,7,295,357
Prince George's,7641,0,2203,4330,553,0,17,538,682
Prince George's,4001,0,795,2415,134,0,24,633,849
Prince George's,2882,0,479,1937,76,1,7,382,499
Prince George's,2940,0,597,1879,197,5,13,249,285
Prince George's,4199,0,867,2136,908,0,22,266,361
Prince George's,4355,0,1058,2286,498,1,14,498,667
Prince George's,2690,0,524,1738,65,0,7,356,439
Prince George's,2634,0,720,1557,117,1,13,226,334
Prince George's,2532,0,1709,564,109,0,1,149,140
Prince George's,4921,0,3357,1078,161,5,17,303,364
Prince George's,3683,0,1956,1347,168,1,4,207,204
Prince George's,6808,0,1385,4664,344,3,12,400,479
Prince George's,6362,0,2389,3240,368,0,28,337,361
Prince George's,6634,0,1873,3962,365,0,17,417,462
Prince George's,4252,0,1008,2475,417,0,26,326,323
Prince George's,3272,1,564,2001,299,0,11,397,443
Prince George's,3714,0,315,3092,114,4,11,178,199
Prince George's,4660,0,3213,945,165,1,15,321,368
Prince George's,2676,0,1879,522,84,1,13,177,209
Prince George's,2943,0,867,1782,124,2,13,155,132
Prince George's,9339,0,349,8570,150,0,15,255,192
Prince George's,5111,0,1825,2799,166,14,18,289,312
Prince George's,5416,0,2829,1964,225,1,19,378,378
Prince George's,4672,0,406,3642,371,0,19,234,167
Prince George's,3843,0,1268,2129,246,4,6,190,203
Prince George's,3566,0,1074,2127,143,0,17,205,210
Prince George's,5387,0,468,4568,134,0,13,204,172
Prince George's,3178,0,364,2591,70,0,10,143,117
Prince George's,4191,0,1196,2553,213,9,12,208,210
Prince George's,1918,0,142,1649,54,0,5,68,45
Prince George's,1934,0,223,1621,24,3,5,58,62
Prince George's,1738,0,144,1531,14,1,0,48,48
Prince George's,5049,0,616,4099,44,1,24,265,241
Prince George's,4708,0,360,4138,52,3,13,142,110
Prince George's,5882,0,416,5187,77,0,9,193,184
Prince George's,3555,0,149,3198,90,2,11,105,45
Prince George's,5394,0,494,4583,62,0,16,239,193
Prince George's,4817,0,653,3861,75,3,23,202,132
Prince George's,4213,0,559,3368,64,2,29,191,102
Prince George's,3550,0,338,3006,53,4,4,145,133
Prince George's,2840,0,570,2120,38,5,19,88,79
Prince George's,3539,0,2066,1217,30,1,31,194,122
Prince George's,1698,0,862,769,8,0,12,47,22
Prince George's,3607,0,1039,2291,88,1,39,149,116
Prince George's,4141,0,873,2953,73,0,20,222,213
Prince George's,3719,0,494,3016,57,2,19,131,65
Prince George's,3888,0,507,3126,65,3,20,167,161
Prince George's,2973,1,1841,663,73,16,16,364,417
Prince George's,4432,0,660,3393,142,1,11,225,264
Prince George's,3644,0,280,3118,67,3,7,169,139
Prince George's,4361,0,295,3757,88,3,6,212,218
Prince George's,4103,0,354,3427,111,1,27,183,188
Prince George's,3188,0,465,2396,127,0,15,185,200
Prince George's,3091,0,399,2453,58,0,6,175,222
Prince George's,3825,0,342,3042,119,0,12,310,333
Prince George's,3995,0,891,2773,49,2,20,260,262
Prince George's,2386,0,329,1857,61,0,10,129,165
Prince George's,3425,0,459,2705,54,0,26,181,194
Prince George's,3636,0,474,2837,115,1,6,203,202
Prince George's,2734,0,1263,1178,117,0,22,154,134
Prince George's,5569,0,476,4453,254,4,18,364,410
Prince George's,3668,0,471,2789,261,0,12,135,168
Prince George's,3580,0,308,2708,337,1,5,221,218
Prince George's,3408,0,789,2267,141,2,4,205,125
Prince George's,6143,0,1052,4402,389,1,15,284,311
Prince George's,5721,0,675,4625,178,6,18,219,189
Prince George's,3757,1,520,2663,250,1,19,304,318
Prince George's,3140,0,359,2298,254,0,4,225,233
Prince George's,4812,0,728,3192,494,2,5,391,418
Prince George's,4245,0,612,2316,639,0,21,657,847
Prince George's,2768,1,186,2337,73,3,11,158,161
Prince George's,6308,0,375,5233,143,0,28,529,537
Prince George's,3411,0,183,2982,34,3,17,192,175
Prince George's,2752,0,222,1996,181,0,8,345,353
Prince George's,3519,0,451,2383,451,1,10,223,252
Prince George's,3398,0,359,2197,532,3,7,300,354
Prince George's,2506,0,302,1894,92,3,8,207,290
Prince George's,2813,0,89,2570,15,3,7,129,199
Prince George's,4195,0,243,3679,38,1,17,217,187
Prince George's,3737,0,188,3252,43,8,16,230,274
Prince George's,5467,1,143,5083,23,0,3,215,218
Prince George's,1522,0,82,1286,37,0,8,109,89
Prince George's,6175,0,379,5275,84,2,20,415,683
Prince George's,3425,1,195,2902,62,6,11,249,232
Prince George's,1966,0,74,1774,14,1,9,94,103
Prince George's,3855,0,99,3636,21,0,9,90,89
Prince George's,2022,0,102,1766,13,0,10,131,166
Prince George's,2763,0,86,2572,13,1,10,81,56
Prince George's,4685,0,100,4445,14,2,4,120,107
Prince George's,3689,0,103,3371,14,0,14,187,177
Prince George's,4909,0,594,3873,126,3,8,305,320
Prince George's,3405,1,419,2529,53,4,25,375,448
Prince George's,4696,0,482,3798,158,4,11,243,268
Prince George's,1966,1,395,1342,43,4,5,177,223
Prince George's,3528,0,202,3128,50,2,12,134,150
Prince George's,3363,0,82,3151,12,0,9,109,103
Prince George's,5702,1,168,5096,27,1,47,363,398
Prince George's,3747,0,101,3399,11,1,9,226,213
Prince George's,3079,0,218,2547,53,0,4,257,227
Prince George's,2005,0,111,1750,29,1,12,102,108
Prince George's,4508,0,80,4201,9,0,8,210,210
Prince George's,3560,0,95,3356,18,3,8,80,80
Prince George's,1872,1,309,1464,10,0,13,76,68
Prince George's,4655,0,347,4004,30,0,19,255,284
Prince George's,6376,0,222,5890,44,5,21,194,229
Prince George's,3674,0,328,3136,30,0,24,156,208
Prince George's,4540,1,61,4347,3,1,22,106,74
Prince George's,4240,0,104,3966,18,5,10,137,137
Prince George's,2440,0,83,2202,5,2,15,133,146
Prince George's,3695,0,106,3409,44,0,10,126,110
Prince George's,1783,0,68,1560,42,0,10,103,118
Prince George's,3167,0,101,2919,4,0,15,128,123
Prince George's,2406,0,76,2171,8,0,8,143,158
Prince George's,3280,0,138,2907,11,1,12,211,212
Prince George's,2754,0,132,2446,5,1,4,166,199
Prince George's,5101,0,110,4736,9,0,22,224,199
Prince George's,5466,1,67,5223,14,0,12,150,125
Prince George's,4895,0,96,4514,13,0,27,245,257
Prince George's,3962,0,106,3550,12,1,14,279,299
Prince George's,2945,0,75,2640,38,0,6,186,196
Prince George's,2723,0,14,2565,21,0,10,113,86
Prince George's,2627,0,111,2297,5,0,9,205,283
Prince George's,3027,0,94,2749,6,0,9,169,188
Prince George's,4337,0,201,3384,48,0,23,681,792
Prince George's,1323,0,59,1093,4,0,12,155,189
Prince George's,4631,0,49,4366,15,3,7,191,212
Prince George's,4938,0,126,4465,30,1,9,307,362
Prince George's,3079,0,116,2659,3,4,15,282,380
Prince George's,6239,0,257,5619,151,0,20,192,174
Prince George's,4470,0,117,4186,44,0,13,110,103
Prince George's,4381,0,123,4063,37,2,20,136,112
Prince George's,4446,0,377,3656,205,6,7,195,210
Prince George's,3825,0,127,3471,35,0,18,174,166
Prince George's,4305,0,333,3661,118,0,10,183,170
Prince George's,4655,0,465,3957,119,0,6,108,89
Prince George's,3727,0,73,3475,84,3,2,90,84
Prince George's,3625,0,90,3355,98,0,6,76,75
Prince George's,3295,0,36,3106,29,0,4,120,152
Prince George's,2404,0,57,2172,68,3,3,101,74
Prince George's,3482,0,92,3241,35,5,3,106,60
Prince George's,3084,0,81,2834,100,0,7,62,51
Prince George's,3491,0,109,3098,78,0,13,193,238
Prince George's,1866,0,77,1654,2,0,6,127,181
Prince George's,6763,1,1450,3121,263,3,58,1868,2527
Prince George's,5500,0,1376,2705,341,8,19,1051,1463
Prince George's,3405,0,538,2217,96,2,22,530,643
Prince George's,5776,0,805,3673,159,4,18,1117,1542
Prince George's,3283,0,518,1774,179,0,17,795,968
Prince George's,3144,0,325,2172,88,2,24,533,625
Prince George's,5074,0,522,3590,160,6,15,781,979
Prince George's,2545,0,626,1055,45,1,47,771,1090
Prince George's,2609,0,699,1143,32,2,30,703,1229
Prince George's,5003,0,841,2558,91,7,69,1437,1973
Prince George's,3593,0,825,943,60,5,40,1720,2357
Prince George's,5137,0,332,4105,71,0,11,618,789
Prince George's,3992,0,910,1497,117,0,59,1409,2049
Prince George's,3238,0,535,2348,40,1,5,309,366
Prince George's,5974,0,816,4037,76,5,26,1014,1503
Prince George's,3094,0,1563,1196,64,1,3,267,324
Prince George's,3452,0,275,2467,39,2,24,645,765
Prince George's,2709,0,651,1099,191,0,24,744,1081
Prince George's,3002,0,760,1186,67,0,19,970,1303
Prince George's,3583,0,1204,1328,127,4,24,896,1155
Prince George's,2376,0,162,1781,26,0,13,394,503
Prince George's,2677,0,337,1451,34,0,12,843,1129
Prince George's,3879,0,366,2782,89,0,21,621,792
Prince George's,5223,0,531,3520,44,17,38,1073,1560
Prince George's,3664,0,732,1243,89,3,46,1551,2133
Prince George's,4270,0,418,2025,56,15,87,1669,2145
Prince George's,3820,0,274,2801,72,1,29,643,790
Prince George's,3628,0,871,1047,125,12,47,1526,2130
Prince George's,6201,0,1546,533,81,42,237,3762,5535
Prince George's,4918,0,1404,472,79,41,80,2842,4283
Prince George's,6143,0,1515,1546,325,2,154,2601,3859
Prince George's,4401,0,765,1452,202,2,47,1933,2533
Prince George's,4175,0,881,1205,104,0,44,1941,2731
Prince George's,3366,0,1012,971,231,2,65,1085,1618
Prince George's,2820,0,527,1109,53,1,24,1106,1476
Prince George's,3600,0,646,1891,136,0,66,861,1434
Prince George's,2123,0,342,1201,146,0,9,425,516
Prince George's,4261,0,1041,2011,481,4,4,720,951
Prince George's,5071,0,1283,1810,213,3,43,1719,2366
Prince George's,4380,0,1671,1495,155,2,26,1031,1354
Prince George's,4012,0,1630,1467,132,1,45,737,886
Prince George's,2108,0,702,702,54,7,14,629,855
Prince George's,3411,0,2588,323,247,0,7,246,341
Prince George's,5151,0,1574,1337,146,8,69,2017,2898
Prince George's,4636,0,1154,1409,78,0,43,1952,2865
Prince George's,4578,0,1095,1963,249,0,45,1226,1718
Prince George's,3755,1,1082,1956,374,2,11,330,444
Prince George's,4232,0,2341,1094,521,0,8,268,303
Prince George's,5332,0,947,3160,872,8,10,335,389
Prince George's,5146,0,662,3689,283,1,5,506,525
Prince George's,3053,0,513,2171,194,3,3,169,173
Prince George's,3698,0,372,2350,144,5,21,806,1043
Prince George's,3623,0,438,2056,77,12,29,1011,1300
Prince George's,3914,0,2245,606,339,5,26,693,948
Prince George's,4134,0,2118,581,459,5,41,930,1277
Prince George's,4906,1,2865,886,555,3,16,581,696
Prince George's,2613,0,1571,443,117,2,19,461,586
Prince George's,15934,1,11165,1668,2171,13,16,901,926
Prince George's,3289,1,1137,921,880,0,5,346,467
Prince George's,1928,0,630,542,169,0,12,575,702
Prince George's,3676,0,874,1309,402,4,36,1051,1477
Prince George's,4977,1,2140,1165,536,0,36,1100,1648
Prince George's,5858,0,2924,1322,618,0,26,968,1361
Prince George's,6260,1,1752,2446,1160,2,25,875,1232
Prince George's,5729,0,2935,1754,599,2,15,424,495
Prince George's,3764,0,912,1715,423,4,24,686,1014
Prince George's,3953,0,994,2130,259,4,11,555,809
Queen Anne's,3089,0,2606,363,5,4,8,103,133
Queen Anne's,2636,0,2255,123,3,0,17,238,226
Queen Anne's,4546,0,3914,410,41,0,23,158,159
Queen Anne's,6053,0,5361,466,65,1,14,146,124
Queen Anne's,4468,0,3950,361,40,0,8,109,103
Queen Anne's,4910,0,4501,256,39,3,10,101,113
Queen Anne's,3939,0,2967,696,55,0,22,199,190
Queen Anne's,5824,0,5457,156,67,0,17,127,134
Queen Anne's,4927,0,4650,115,67,0,8,87,118
Queen Anne's,2945,0,2808,33,28,4,6,66,15
Queen Anne's,4461,0,3928,319,59,0,16,139,137
Queen Anne's,0,0,0,0,0,0,0,0,0
St. Mary's,6101,0,5501,339,39,9,35,178,104
St. Mary's,5171,0,4484,479,34,3,22,149,95
St. Mary's,5135,0,4636,388,20,0,12,79,101
St. Mary's,5896,0,5144,575,28,0,28,121,79
St. Mary's,3266,0,2709,471,7,5,12,62,34
St. Mary's,7037,0,6132,446,218,0,23,218,189
St. Mary's,8631,0,7110,962,223,2,35,299,307
St. Mary's,8333,0,6963,847,261,0,18,244,222
St. Mary's,7470,0,6880,295,72,1,25,197,150
St. Mary's,1014,1,694,188,26,6,9,91,122
St. Mary's,4073,0,3542,215,117,1,24,174,142
St. Mary's,7280,0,4515,1807,374,13,30,541,463
St. Mary's,7638,1,3952,2736,295,5,58,592,578
St. Mary's,4713,1,2328,1807,193,6,16,363,311
St. Mary's,8714,0,5552,2107,408,10,39,598,622
St. Mary's,7560,0,6502,671,161,5,21,200,215
St. Mary's,7119,0,5992,697,120,7,17,286,238
St. Mary's,0,0,0,0,0,0,0,0,0
Somerset,7472,0,1711,5365,68,6,21,301,333
Somerset,3759,0,2576,1031,24,0,10,118,86
Somerset,1817,1,1554,224,13,0,4,22,8
Somerset,2539,0,1921,521,23,1,7,66,29
Somerset,4396,0,3566,570,36,0,28,196,264
Somerset,3053,0,1909,996,17,0,13,118,110
Somerset,3434,1,933,2485,3,0,2,11,33
Somerset,0,0,0,0,0,0,0,0,0
Talbot,4495,0,4001,364,18,1,3,108,96
Talbot,4104,0,3570,370,56,4,1,103,91
Talbot,3371,0,1841,1189,100,2,5,234,398
Talbot,5590,1,3933,979,59,5,14,600,818
Talbot,4752,0,4029,351,151,2,10,209,225
Talbot,3833,0,3207,408,23,5,10,180,208
Talbot,1788,0,1555,184,13,0,0,36,43
Talbot,3635,0,3203,333,20,1,6,72,75
Talbot,1920,0,1818,73,7,0,7,15,17
Talbot,4294,0,3589,578,25,2,9,91,102
Washington,3168,0,2784,225,34,6,8,111,79
Washington,3974,0,3307,392,53,3,8,211,207
Washington,3415,1,2941,250,17,0,11,196,142
Washington,2742,1,2131,401,14,1,2,193,120
Washington,2189,1,1072,919,7,0,13,178,100
Washington,5500,0,4026,908,75,4,18,469,377
Washington,2410,0,1810,334,91,1,2,172,205
Washington,3104,0,2707,196,33,5,3,160,118
Washington,3158,0,2458,466,14,4,7,209,145
Washington,3466,0,2925,341,15,2,4,179,136
Washington,3625,1,2575,735,22,3,4,286,160
Washington,4941,0,4096,483,75,2,8,277,253
Washington,4024,0,3621,159,79,1,8,156,123
Washington,1388,1,1304,39,4,0,5,36,16
Washington,4423,0,4265,46,26,1,3,82,50
Washington,7454,0,6438,474,246,4,12,280,319
Washington,7675,1,6522,684,166,2,21,280,282
Washington,6152,0,5900,130,26,1,6,89,112
Washington,5033,0,4928,16,24,0,5,60,42
Washington,3447,0,3376,17,19,0,14,21,11
Washington,4516,1,4226,133,49,0,10,98,80
Washington,2506,1,2363,72,32,0,2,37,33
Washington,8188,0,7490,321,171,4,15,187,243
Washington,6164,0,1767,4339,13,1,4,40,237
Washington,5926,1,5157,396,111,6,18,238,268
Washington,8935,0,7311,846,350,9,25,394,455
Washington,4200,0,3549,338,55,2,14,242,213
Washington,5195,0,4825,159,43,0,10,158,202
Washington,3909,0,3601,82,104,0,13,109,84
Washington,5701,0,5452,108,50,3,11,77,129
Washington,8006,0,7741,114,30,0,26,95,115
Washington,2896,0,2779,10,8,1,4,94,48
Wicomico,5630,1,2230,2814,57,13,8,508,588
Wicomico,1897,0,1266,502,27,0,9,93,69
Wicomico,1323,0,116,1094,1,1,10,101,137
Wicomico,4095,0,2854,909,66,3,10,253,305
Wicomico,2961,0,1499,1127,20,0,12,303,399
Wicomico,6150,1,4445,1264,174,6,9,252,234
Wicomico,3226,1,2378,562,109,2,6,169,123
Wicomico,6142,1,897,4937,16,0,12,280,426
Wicomico,7795,0,5497,1485,552,8,17,236,241
Wicomico,6987,1,5443,1129,112,0,35,268,253
Wicomico,4501,1,3152,1019,196,0,4,130,111
Wicomico,8875,1,6253,1899,362,2,19,340,432
Wicomico,7143,0,5554,822,320,7,16,424,369
Wicomico,5065,0,4571,273,59,0,14,148,133
Wicomico,4162,0,3743,205,88,0,7,119,70
Wicomico,4200,0,3754,275,70,0,7,94,67
Wicomico,3800,0,3014,638,14,3,14,117,85
Wicomico,8671,0,6197,1980,158,1,12,323,276
Wicomico,6110,0,4921,939,70,1,15,164,160
Worcester,2080,0,1798,106,59,0,7,110,185
Worcester,1728,0,1622,37,12,0,6,51,64
Worcester,3294,1,3126,50,23,0,2,93,168
Worcester,2975,0,2818,36,33,0,4,84,107
Worcester,3060,0,2895,71,21,0,5,68,81
Worcester,2389,0,2269,59,18,1,6,36,42
Worcester,5495,1,4875,434,53,2,12,119,147
Worcester,2017,0,1617,303,19,0,2,76,59
Worcester,4402,1,2578,1429,64,0,27,304,264
Worcester,6520,0,6152,160,66,3,11,128,153
Worcester,3091,0,2565,440,14,0,8,64,31
Worcester,2816,0,1523,1177,34,0,6,76,70
Worcester,3355,0,2778,419,57,0,11,90,84
Worcester,4951,1,2535,2188,56,0,20,152,112
Worcester,3281,0,3043,113,44,5,18,58,55
Worcester,0,0,0,0,0,0,0,0,0
Worcester,0,0,0,0,0,0,0,0,0
Baltimore City,3022,0,2742,125,66,4,8,77,102
Baltimore City,3009,0,2269,292,72,0,27,349,489
Baltimore City,2208,0,1963,94,64,0,0,87,154
Baltimore City,2870,0,2492,117,145,2,6,108,148
Baltimore City,1724,0,1444,85,53,1,6,135,185
Baltimore City,1884,0,1465,184,59,0,14,162,239
Baltimore City,2087,0,1204,310,133,3,11,426,700
Baltimore City,3344,0,2824,148,171,3,15,183,243
Baltimore City,3065,0,404,2365,85,0,25,186,220
Baltimore City,2342,0,1265,789,165,0,8,115,147
Baltimore City,4006,0,1985,985,835,6,11,184,225
Baltimore City,838,0,384,239,169,0,3,43,21
Baltimore City,3222,0,1104,1543,61,8,59,447,818
Baltimore City,3265,0,1209,1634,70,1,38,313,585
Baltimore City,1800,0,685,863,43,6,34,169,231
Baltimore City,1183,0,266,816,59,2,7,33,47
Baltimore City,2957,0,153,2654,21,0,16,113,138
Baltimore City,3782,0,111,3486,35,0,21,129,134
Baltimore City,1042,0,51,951,11,0,0,29,40
Baltimore City,1241,0,18,1200,12,0,1,10,11
Baltimore City,3881,0,929,2809,41,0,15,87,71
Baltimore City,2508,0,56,2399,5,0,2,46,24
Baltimore City,1585,0,20,1518,7,0,3,37,17
Baltimore City,2084,0,21,2032,8,0,8,15,24
Baltimore City,2937,0,18,2877,4,0,7,31,32
Baltimore City,1564,0,45,1483,1,0,1,34,18
Baltimore City,1704,0,12,1661,6,0,6,19,11
Baltimore City,2469,0,48,2377,4,2,11,27,6
Baltimore City,1137,0,22,1086,5,0,0,24,22
Baltimore City,1281,0,15,1249,2,0,1,14,4
Baltimore City,4251,0,420,3685,38,3,21,84,63
Baltimore City,3243,0,505,2602,30,0,8,98,52
Baltimore City,4203,0,838,3147,89,1,9,119,86
Baltimore City,1586,0,161,1388,2,0,7,28,33
Baltimore City,1964,0,237,1623,28,0,7,69,70
Baltimore City,3402,0,66,3248,17,0,11,60,57
Baltimore City,3149,0,43,3039,10,0,5,52,34
Baltimore City,3073,0,40,2961,21,0,13,38,13
Baltimore City,2452,0,36,2362,7,1,2,44,27
Baltimore City,2126,0,34,2050,3,0,7,32,21
Baltimore City,2767,0,18,2688,21,0,1,39,15
Baltimore City,5237,0,809,4365,8,2,5,48,71
Baltimore City,3223,0,1965,754,349,0,9,146,155
Baltimore City,5072,0,3017,1347,422,3,19,264,240
Baltimore City,4790,0,3429,359,860,4,3,135,167
Baltimore City,2033,0,1429,343,167,2,5,87,80
Baltimore City,6224,0,3681,485,1709,3,9,337,345
Baltimore City,3552,0,1210,2089,110,5,14,124,115
Baltimore City,1313,0,162,1074,12,0,6,59,60
Baltimore City,1751,0,463,1191,44,0,5,48,27
Baltimore City,3269,0,1082,1749,214,6,17,201,185
Baltimore City,2476,0,1449,646,219,0,8,154,113
Baltimore City,2613,0,171,2356,8,0,15,63,38
Baltimore City,2775,0,313,2370,12,0,15,65,60
Baltimore City,2269,0,48,2167,3,0,3,48,19
Baltimore City,2011,0,46,1905,3,0,3,54,27
Baltimore City,3586,0,3207,126,128,0,10,115,110
Baltimore City,5192,0,4337,451,219,2,16,167,167
Baltimore City,2748,0,2074,337,216,0,7,114,113
Baltimore City,1955,0,1687,129,66,1,7,65,59
Baltimore City,985,0,162,750,35,0,5,33,16
Baltimore City,1431,0,977,350,31,0,11,62,56
Baltimore City,4974,0,2807,1581,361,2,10,213,163
Baltimore City,2853,0,101,2689,5,2,4,52,46
Baltimore City,2333,0,105,2152,16,2,6,52,33
Baltimore City,3211,0,35,3126,8,0,2,40,18
Baltimore City,2699,0,28,2628,10,0,6,27,24
Baltimore City,2478,0,20,2419,11,2,3,23,15
Baltimore City,3724,0,46,3579,13,2,13,71,51
Baltimore City,1543,0,14,1486,2,0,3,38,6
Baltimore City,3412,0,33,3287,4,2,6,80,39
Baltimore City,1696,0,17,1640,2,0,2,35,18
Baltimore City,2359,0,34,2311,1,1,3,9,11
Baltimore City,4223,0,65,4067,3,0,8,80,70
Baltimore City,3344,0,71,3213,6,1,11,42,35
Baltimore City,5214,0,94,5029,14,0,19,58,41
Baltimore City,6572,0,79,6361,22,2,12,96,79
Baltimore City,4215,0,81,4029,11,1,12,81,55
Baltimore City,4546,0,38,4428,5,1,10,64,31
Baltimore City,2388,0,39,2293,13,0,2,41,33
Baltimore City,2515,0,27,2427,8,0,5,48,9
Baltimore City,1558,0,28,1512,0,0,3,15,16
Baltimore City,2525,0,24,2458,9,0,2,32,9
Baltimore City,4245,0,22,4125,5,0,10,83,34
Baltimore City,3509,0,25,3413,11,0,12,48,52
Baltimore City,5615,0,40,5448,4,0,13,110,46
Baltimore City,3281,0,25,3188,2,0,5,61,26
Baltimore City,3045,0,25,2963,1,4,16,36,22
Baltimore City,1602,0,326,1193,30,0,6,47,42
Baltimore City,3145,0,193,2870,21,1,10,50,32
Baltimore City,2011,0,24,1923,18,0,8,38,31
Baltimore City,2200,0,28,2135,2,0,5,30,24
Baltimore City,977,0,56,906,2,0,3,10,6
Baltimore City,1909,0,588,1205,45,1,6,64,55
Baltimore City,1895,0,43,1754,2,0,15,81,77
Baltimore City,1920,0,604,1068,34,0,20,194,175
Baltimore City,2586,0,781,1558,62,1,25,159,157
Baltimore City,1846,0,41,1750,2,0,9,44,30
Baltimore City,2969,0,37,2880,6,1,10,35,12
Baltimore City,1836,0,474,1237,49,0,4,72,49
Baltimore City,1691,0,44,1614,4,1,3,25,8
Baltimore City,3142,0,1120,1767,51,1,10,193,143
Baltimore City,2713,0,740,1884,19,0,10,60,62
Baltimore City,4619,0,22,4538,6,0,10,43,30
Baltimore City,1426,0,31,1352,4,0,2,37,14
Baltimore City,2282,0,262,1940,11,1,14,54,27
Baltimore City,2130,0,844,1127,67,1,8,83,66
Baltimore City,3373,0,1393,1608,226,0,10,136,123
Baltimore City,4025,0,3060,603,233,5,12,112,126
Baltimore City,1953,0,1197,632,46,0,10,68,63
Baltimore City,2172,0,1967,97,49,0,2,57,75
Baltimore City,1136,0,1005,72,23,1,3,32,41
Baltimore City,2699,0,2519,45,72,1,8,54,52
Baltimore City,2564,0,2284,103,108,0,3,66,80
Baltimore City,2141,0,1968,67,64,2,0,40,63
Baltimore City,2571,0,2373,57,76,0,4,61,73
Baltimore City,3626,0,311,3188,29,0,7,91,79
Baltimore City,2910,0,241,2538,28,2,12,89,57
Baltimore City,4050,1,2911,898,73,5,17,146,136
Baltimore City,2018,0,62,1891,8,0,4,53,35
Baltimore City,4125,0,21,4057,0,1,5,41,30
Baltimore City,4689,0,1450,2565,133,3,12,526,896
Baltimore City,2590,0,2016,343,59,4,19,149,128
Baltimore City,2059,0,60,1905,12,0,7,75,66
Baltimore City,2430,0,212,2139,10,0,11,58,34
Baltimore City,2324,1,1730,357,85,6,18,128,119
Baltimore City,3823,0,2422,901,107,0,22,371,547
Baltimore City,4930,0,2002,2383,32,2,22,489,495
Baltimore City,5468,1,2975,1908,114,0,38,433,348
Baltimore City,22,0,17,1,0,0,0,4,5
Baltimore City,4763,0,1619,2948,61,0,16,119,135
Baltimore City,4911,0,703,4023,29,0,12,144,103
Baltimore City,5116,0,629,4170,124,1,19,173,122
Baltimore City,5937,0,523,4973,273,2,19,147,76
Baltimore City,2830,0,202,2517,47,0,8,56,29
Baltimore City,4933,0,343,4486,15,0,11,78,59
Baltimore City,6094,0,443,5511,31,0,9,100,59
Baltimore City,778,0,217,492,2,0,12,55,43
Baltimore City,3230,0,2525,95,14,8,48,540,816
Baltimore City,2648,0,156,2367,19,2,18,86,50
Baltimore City,1575,0,57,1463,10,0,2,43,28
Baltimore City,1996,0,719,590,78,2,40,567,737
Baltimore City,4875,0,3368,368,173,2,26,938,1220
Baltimore City,1465,0,459,823,14,0,8,161,244
Baltimore City,4795,0,3090,821,105,8,81,690,1003
Baltimore City,2260,0,1449,216,31,10,27,527,814
Baltimore City,2647,0,1352,477,51,10,40,717,1006
Baltimore City,2652,0,2227,109,84,1,29,202,264
Baltimore City,3253,0,1155,1294,43,0,63,698,944
Baltimore City,1951,0,1698,84,53,5,24,87,127
Baltimore City,1698,0,754,842,19,0,6,77,39
Baltimore City,3749,0,920,2676,20,1,10,122,65
Baltimore City,1914,0,1017,785,19,0,13,80,63
Baltimore City,3148,0,1055,1939,36,1,9,108,73
Baltimore City,1764,0,759,914,27,0,4,60,40
Baltimore City,5412,0,1560,3608,50,1,27,166,120
Baltimore City,3229,0,1432,1640,45,0,6,106,50
Baltimore City,4420,0,2842,1380,44,1,14,139,178
Baltimore City,4361,0,1974,2135,64,5,26,157,124
Baltimore City,4605,0,1782,2590,61,1,2,169,109
Baltimore City,2583,0,57,2436,7,0,11,72,59
Baltimore City,2333,0,620,1599,23,0,10,81,65
Baltimore City,2898,0,1728,1011,30,1,6,122,169
Baltimore City,4051,0,507,3391,49,1,8,95,86
Baltimore City,4992,0,202,4617,33,4,7,129,81
Baltimore City,6268,0,517,5513,122,0,4,112,111
Baltimore City,2804,0,1324,1166,102,8,5,199,209
Baltimore City,4952,0,551,4234,32,2,24,109,79
Baltimore City,4043,0,81,3860,18,0,7,77,50
Baltimore City,4754,0,272,4369,17,0,10,86,58
Baltimore City,4603,0,386,4017,39,3,6,152,118
Baltimore City,2298,0,67,2167,7,0,7,50,33
Baltimore City,4132,0,125,3898,8,0,22,79,48
Baltimore City,2046,0,1171,704,108,0,2,61,61
Baltimore City,4525,0,3809,389,141,1,7,178,198
Baltimore City,6103,0,5080,643,208,0,14,158,155
Baltimore City,2791,0,2213,200,308,0,2,68,60
Baltimore City,3730,0,2904,301,393,1,14,117,115
Baltimore City,4183,0,3421,429,170,3,8,152,115
Baltimore City,856,0,725,85,25,1,0,20,15
Baltimore City,4523,0,103,4313,13,0,28,66,39
Baltimore City,5648,0,272,5253,15,0,12,96,70
Baltimore City,3175,0,40,3056,10,0,3,66,19
Baltimore City,2993,0,39,2891,1,0,3,59,42
Baltimore City,3773,0,802,2830,21,0,12,108,65
Baltimore City,5817,0,3936,1604,123,4,2,148,133
Baltimore City,3788,0,2939,550,224,7,8,60,79
Baltimore City,3429,0,2690,524,134,0,2,79,81
Baltimore City,3548,0,1771,1694,8,3,5,67,45
Baltimore City,4367,0,1636,2030,150,28,27,496,623
Baltimore City,3226,0,170,2897,31,2,9,117,122
Baltimore City,6045,0,105,5785,13,0,23,119,95
Baltimore City,4828,0,167,4533,21,0,9,98,77
Baltimore City,4101,1,357,3639,19,0,11,75,77
Baltimore City,2282,0,91,2139,5,0,6,41,20
Baltimore City,3565,0,501,2967,22,1,4,70,42
Baltimore City,1574,0,19,1520,3,0,9,23,23
Baltimore City,5073,0,1300,3568,53,8,12,132,74
Baltimore City,2267,0,113,2107,7,0,9,31,19
Baltimore City,3549,0,273,3098,111,2,4,61,97